sequence,label
R K N W K V R K F I L R E D P A Y L H Y Y D P A G A E D P L G A I,0
N G L Q S C P I K E D S F L Q R Y S S D P T G A L T E D S I D D T,1
C K I A D F G L A R V I E D N E Y T A R E G A K F P I K W T A P E,1
P G D V C C W I C I P C E P Y E Y L A D E F T C M D C G S G Q W P,0
S E A S Q P K P C P P E V T P H Y I W I D F L V Q R F E I A K Y C,0
V K I G D F G M S R D I Y S T D Y Y R V G G R T M L P I R W M P P,1
G M E H L Y S M K C K N V V P L Y D L L L E M L D A H R L H A P T,1
K D N L A I V T Q W C E G S S L Y K H L H V Q E T K F Q M F Q L I,0
R R S P S P R R Y S P P I Q R R Y S P S P P P K R R T A S P P P P,1
G L G V V M Y E M M C G R L P F Y N Q D H E K L F E L I L M E E I,0
E N D H L Y F I F E Y M K E N L Y Q L I K E R N K L F P E S A I R,0
P G F H G L R S P L D T S S V L Y T A V Q P N E G D N D Y I I P L,1
V V H E E D R Q E L L S V I P V Y I R N D M T E P H K P L T Q L L,0
Q T Y R Y H G H S M S D P G V S Y R T R E E I Q E V R S K R D P I,0
T I P Y E E D E E E E E K E E T Y D D I D G F D S P S C G S Q C R,1
T I S R F L A E D Y T L L D V L Y Y V T R D D L K C L R L R G G M,0
R P S T S R S L Y A S S P G G V Y A T R S S A V R L R S S V P G V,1
K S W S R A N H T F N S S S S Q Y C R P I S T Q S I T S T D S G D,0
Y R E M D E S L A N L S E D E Y Y S E E E R N A K A E K E K K L P,1
L E A S R D E L Q S R K V K L D Y E E V G A C Q K E V L I T W D K,0
E R T G Y G G G F N E R E N V E Y I E R E E S D G E Y D E F G R K,1
K E A P E P M E L D G P K G T G Y I K T E L I S V S E V H P S R L,1
E P M D A V V K P R N E E E N I Y S V P H D S T Q G K I I T I R N,1
A R R S H L S E S C S I E S D I Y A E I P D E T L R R P G G P Q Y,1
F S F W V W L D N I I D L V K K Y I L A L W N E G Y I M G F I S K,0
D G S A W D E E E E E P P D H Q Y Y N D F P G K E P P L G G V V D,1
P V V P H V A A P V E V S S S Q Y V A Q S D G V V H Q D S S V A V,0
R Y E D Y D Y R Y R R R S P S P Y Y S R Y R S R S R S R S Y S P R,1
T L G G T P Y P E L P M N E Q F Y N A I K R G Y R M A Q P A H A S,0
G L V K S L P S G S H Q G P V I Y A Q L D H S G G H H S D K I N K,1
R G E E N T D Y V N A S F I D G Y R Q K D S Y I A S Q G P L L H T,0
L T C T V Y A I P P P H H I H W Y W Q L E E E C A N E P S Q A V S,0
Q P H P R V N F C P L P S E Q C Y Q A P G G P E D R G P A W V G S,1
A K E E F Q E L L L E Y S E L F Y E L E L D A K P S K E K M G V I,0
L E H V R Y F L Y Q L L R G L K Y M H S A Q V I H R D L K P S N L,0
K I G D F G M T R D I Y E T D Y Y R K G G K G L L P V R W M A P E,1
T F L R L A A L R T Y R G R L A Y L P V G R V G S K T P A S P V V,0
T P S P T R Y S L S P S K S Y K Y S P K T P P R W A E D Q N S L L,1
A G I E P Q S N I P E T P P P G Y L S E D G E T S D H Q M N H S M,0
I F S T F I G E H Y V H V N A T Y V N V K C V A P Y P S L L S S E,1
K I S D F G L S R D V Y E E D S Y V K R S Q G R I P V K W M A I E,1
A P L P R A L P S T W I E N K L Y G M S D P N W P G E S P V P L T,1
S I I S K K K R Q T Q S E S S N Y D S E L E K E I K S M S K I G A,0
Q S V L Q S I I K I Q R W Y R A Y K T L H D T R T H F L K T K A A,0
D Y T K I E K I G E G T Y G V V Y K G R H K T T G Q V V A M K K I,1
S R L Y L I F E F L S M D L K K Y L D S I P P G Q Y M D S S L V K,0
I G D F G L A K A V P E G H E Y Y R V R E D G D S P V F W Y A P E,1
E G D P L E S V V F I Y S M P G Y K C S I K E R M L Y S S C K S R,0
L D M K G D V K Y A D I E S S N Y M A P Y D N Y V P S A P E R T C,1
L V S R I S A I F S T F I G E H Y V H V N A T Y V N V K C V A P Y,1
P A S P A Y A Q Y P P A T Y D Q Y P Y A A S P A T A A S F V G Y S,0
D T S T K V D N A M S R L L K K Y D V L F A L F S K L E R T C E L,0
R G L C T S P A E H Q Y F M T E Y V A T R W Y R A P E L M L S L H,1
V F S K Y Y T P V L A K A V D G Y V K P Q I K Q V V P E F V N A S,1
K L Q D M D E R R A T R L G A G Y G L L S E A E L E V V P I I A K,0
I P A D F E A K I L E A K Q K G Y V P F Y V N A T A G T T V Y G A,0
V K I G D F G M T R D I Y E T D Y Y R K G G K G L L P V R W M A P,1
G G S S P M I K P K G D K Q V E Y L D L D L D S G K S T P P R K Q,1
T H Q G I A K L Y H K V S Q N G Y K F L Y C S A R A I G M A D M T,0
Q Q Q P L L H P P E P K S P G E Y V N I E F G S D Q S G Y L S G P,1
K I C D F G L A R D I Y K D P D Y V R K G D A R L P L K W M A P E,1
M Y L I N K D E T E H T G Q E S Y V W K M Y Q E R C W E F F P A G,0
M G D L I S F A W Q I S Q G M Q Y L A E M K L V H R D L A A R N I,0
L V T G G E L F E D I V A R E Y Y S E A D A S H C I H Q I L E S V,0
G F E Y Q G K T E K H E S Q K D Y V K G F G G K F G V Q T D R Q D,0
I T D F G L A R L L D I D E T E Y H A D G G K V P I K W M A L E S,1
N Y Q K G I P V E T D S E E Q P Y L E M D L S S P Q T R Y I P D E,1
S F L K S F Y Q N S G R L S P Q Y E N E I R Q D T A S E S S D G E,0
P H G F E T H T L Q E H N L A N Y L F F L M Y L I N K D E T E H T,0
S R M N M T S L D A M D I S C A Y S G S Y P M A I T P T Q K R R S,0
S G T N S P A P K K S T G S V D Y L A L D F Q P S S P S P H R K P,1
P P P P P C P G R E L F D D P S Y V N V Q N L D K A R Q A V G G A,0
K K I P D A T P L L D A S S L E Y L F A Q G Q Y D L V K C L A P I,0
K I G D F G L T K A I E T D K E Y Y T V K D D R D S P V F W Y A P,1
G S I T P E V W P N V D N Y E L Y E K L E L V K G Q K R K V K D R,0
A A N W L T A K S G R K K R C P Y T K H Q T L E L E K E F L F N M,1
C K I A D F G L A R L I E D N E Y T A R E G A K F P I K W T A P E,1
E E A D N Q T L D S Y R N E I A Y L N K L Q Q H S D K I I R L Y D,0
S D F G L S R V L E D D P E A A Y T T R G G K I P I R W T S P E A,1
K I G D F G M S R D I Y S T D Y Y R V G G R T M L P I R W M P P E,1
E L G P I R K K E E D Q A S Q G Y K G D N A V I P Y E T D E D P R,0
E R A L S A V S T Q Q K K A D R Y N K E L T K E R D A L R L E L Y,0
L R G N H E C A S I N R I Y G F Y D E C K R R Y N I K L W K T F T,0
K I S D F G L S K A L R A D E N Y Y K A Q T H G K W P V K W Y A P,1
E K H L N Q G V R T Y V D P F T Y E D P N Q A V R E F A K E I D A,1
V C T V C A K V C H K D H E I S Y A K Y G S F F C D C G A K E D G,0
E V R K D E Q V E K E N T Y T S Y L D K F F S R K E D T E M L E T,0
S P E E E L P L P A F E K L N P Y P T P S P P H P L Y P G R R V I,1
H L G N L L Q A N A Q Q D G K D Y I V L P I S E T L S M E E D S G,1
C Q K K M M E V Q K K S F E E K Y E V F M D V C Q N F Q P V F R Y,0
K E L A A E F S R M A R D P Q R Y L V I Q G D D R M K L P S P N D,1
D P Y R L G H D A Y R L G Q D P Y R L G H D P Y R L T P D P Y R M,1
S D E I Y C P P E T A V L L G S Y A V Q A K F G D Y N K E V H K S,0
A L M D E E D M D D V V D A D E Y L I P Q Q G F F S S P S T S R T,1
Q E Y E E V V Q T V N T D F S P Y L I S D N L E Q P M G S S H A S,0
E K S L S D V E E E E A P E D L Y K D F L T L E H L I C Y S F Q V,1
E D P A F D T N Y S T E P C W Q Y S D H H E N K Y C D L E C S H T,0
S S V L Y T A V Q P N E G D N D Y I I P L P D P K P E V A D E G P,1
M P E F E T K C N N S K P K K S Y I A T Q G C L Q N T V N D F W R,0
D R Q P H L R L A L D T C S I I Y V P K D S R H K R H E L R F T Q,0
I A L F T I Y V L W T L V S F R Y H C Q L Y S E W R K T N Q K V R,0
P L I Y K G E G K W L R N I D Y Y R L D G S T T A Q S R K K W A E,0
E D F T V K I G D F G M T R D I Y E T D Y Y R K G G K G L L P V R,1
G I S E A Q L K D R E T S K V I Y D F I E K T G G V E A V K N E L,1
K L G D F G L S R Y I E D E D Y Y K A S V T R L P I K W M S P E S,1
G I S E A Q L T D A E T S K L I Y D F I E D Q G G L E A V R Q E M,1
I L S M P E K A K K A F D N P D Y W N H S L P P R S T L Q H P D Y,0
L E L I R D Q G G F R E V R N E Y G S R I G G N E G I D V P I P R,1
D K D S K S K K T A K P K V E M Y S G S D D D D D F N K L P K K A,1
Q T S S T P Y L Y Y G T S S G S Y Q F P M V P G G D R S P S R M L,0
E P C G H S I H H D Y H Q Y F S Y N Q M V A S F S Y S P I R L L E,0
M L E K I D M I R K R L Q N F S Y D Q R E M I L N P E G D V N S A,1
K Q G M R T H A V S V S E T D D Y A E I I D E E D T Y T M P S T R,1
V K L G D F G L S R Y I E D E D Y Y K A S V T R L P I K W M S P E,1
A L S F S Q E L D Y W G I D E I Y L E S C C Q A R Y H Q K K E Q M,1
G D E K G K V H E S I K R S N C Y M V C A G E S M S P G Q G R N N,0
V R T H T G E R P Y K C E L C P Y S S S Q K T H L T R H M R T H S,0
S P F D H S R I K L H Q E D N D Y I N A S L I K M E E A Q R S Y I,1
H E K L V Q L Y A V V S E E P I Y I V T E Y M S K G S L L D F L K,1
S K I V Q T Y H V N M A G T N P Y T T I T P Q E I N G K W D H V R,0
C D S I V V A Y Y F C G E P I P Y R T L V R G R A V T L G Q F K E,0
F A F N M K K D E V C V N P Y H Y Q R V E T P V L P P V L V P R H,0
D G Q W A S A D F R E G K G H E Y R N Q T F E G R Q R E R F D V G,0
Q K S S G S G S S V A D E R V D Y V V V D Q Q K T L A L K S T R E,1
I G D F G L T K V L P Q D K E Y Y K V K E P G E S P I F W Y A P E,1
H G C L R L N Q P T H V N N G N Y T L L A A N P F G Q A S A S I M,0
H D F T V K I G D F G M T R D I Y E T D Y Y R K G G K G L L P V R,1
P A S K S F S Y Q L E A L K S K Y V L L N P K T E G A S R H K S G,0
V Q A V A Y E E P K H W C S I V Y Y E L N N R V G E A F H A S S T,0
P E M V S L C Q E N F L M D N A Y F C E A D A K K C I P V A P H I,1
Q P D G P L G P L Y A S S N P E Y L S A S D V F P C S V Y V P D E,1
E T A Y I R V K V D G P R S P S Y G R S R S R S R S R S R S R S R,1
T V P N P F S Q L T D Q E L E E Y K K E V E R K K L E L D G E K E,1
E F Q T M L Q H L Q P T A E N A Y E Y F T K I A T S L F E S G I N,1
K I M D A T N I L V S P L V Y L Y P D I P K E E A F G K Y C R P E,0
Q S P P G E G S V P G P G V I S Y T T I Q D G R R D S K S P T K A,0
I K I S F R V N R E I V S G M K Y I Q H T Y R K G V K I D K T D Y,0
E G K L E E V N T I L A I H D S Y K P E F H S D D S W V E F I E L,1
I A V V E M S D A F R Q P S L F Y H L G V R E S F S M A N N I I L,0
Q E A R A G N A H D E N V L S Y Y R Y Q L K L F A R M C L D R Q Y,0
D T N L K L T L I S E D I K S Y Y T V R Q L E L E N L T T Q E T R,1
V K V A D F G L A R D M Y D K E Y Y S V H N K T G A K L P V K W M,1
V Y R D G G F A A E Q G V S V P Y R A P T S T I P E A P V A Q G A,0
V T Q R S V S P S P V P L S S N Y I A Q I S N G Q Q L M S Q P Q L,0
I D F D I I R N D N D T F T V K Y T P R G A G S Y T I M V L F A D,0
V M E Y L I G G D V K S L L H I Y G Y F D E E M A V K Y I S E V A,0
Q S P E Q V K S E K L K D L F D Y S P P L H K N L D A R E K S T F,1
R D A P E E V P S F R L G Q H L Y G T Y R T R L H E N N W I C I Q,0
D K L V R L Y A V V T R E E P I Y I I T E Y M A K G S L L D F L K,1
A E P S Q M L K H A V V N L I N Y Q D D A E L A T R A I P E L T K,1
V A A D K W S F G T T L W E I C Y N G E I P L K D K T L I E K E R,0
F G I W L R Y D S R S G T H N M Y R E Y R D L T T A G A V T Q C Y,0
S S S R F I H Q Q P Q S S S P V Y G S S A K T S S V S N P Q D S V,1
F Y G T E K D K N S V N F K N I Y V L Q E L D N P G A K R I L E L,0
K I G D F G L A K A V P E G H E Y Y R V R E D G D S P V F W Y A P,1
E Q Q A K S L L K N E N T R N D Y S G E I L N N C C V M E Y H Q A,0
R C P R G D D I L T I L T E V N Y E V S N K D D K K N M G K Q M P,1
I P P K P V R L F P E F D D S D Y D E V P E E G P G A P A R V M T,1
G C G R Y Q P R I R R S G L E L Y A E W K H V N E D S Q E K K I L,0
E R V G A G A P V Y L A A V L E Y L T A E I L E L A G N A A R D N,0
